{
  "camera": {
    "position": [
      0.12533200499696323,
      -0.8617484892269224,
      1.150983846872398
    ],
    "fov": 40,
    "target": [
      -0.03990243351029344,
      -1.0590841931434134,
      0.25413281601848475
    ]
  },
  "avatar": {
    "position": [
      0,
      -1.6,
      0
    ],
    "rotation": [
      0,
      0,
      0
    ],
    "scale": 1
  },
  "lighting": {
    "keyLight": {
      "position": [
        1,
        1.2,
        1
      ],
      "intensity": 1.8,
      "color": "#fff5e0"
    },
    "fillLight": {
      "position": [
        -1,
        0.5,
        1
      ],
      "intensity": 0.7,
      "color": "#d0e8ff"
    },
    "rimLight": {
      "position": [
        0,
        1.2,
        -1
      ],
      "intensity": 0.9,
      "color": "#ffffff"
    }
  }
}