{
  "camera": {
    "position": [
      0.13176390575889277,
      0.21543758555414175,
      0.9379143372170442
    ],
    "fov": 40,
    "target": [
      -0.0029521371620907844,
      -0.15613567019758137,
      -0.1833845911048288
    ]
  },
  "avatar": {
    "position": [
      0,
      -1.6,
      0
    ],
    "rotation": [
      0,
      0,
      0
    ],
    "scale": 1,
    "model": "male"
  },
  "lighting": {
    "keyLight": {
      "position": [
        1.5,
        1.2,
        1.5
      ],
      "intensity": 2.5,
      "color": "#fff5e6"
    },
    "fillLight": {
      "position": [
        -1.5,
        0.5,
        1.5
      ],
      "intensity": 0.5,
      "color": "#e0edff"
    },
    "rimLight": {
      "position": [
        0,
        1.5,
        -1.5
      ],
      "intensity": 3,
      "color": "#ffffff"
    }
  },
  "features": {
    "lipSync": true,
    "breathing": true,
    "gazeDrift": false,
    "blinking": true,
    "hoverEffect": true
  }
}